{
    "loss": 0.7859445214271545,
    "accuracy": 0.8879310488700867
}